"customFlowLabel","deviceChosen","scanCompletedAt","severity","issueId","issueDescription","wcagConformance","url","pageTitle","context","howToFix","axeImpact","xpath","learnMore"
"None","Desktop","2026-01-15T14:21:57.022Z","Good to Fix","heading-order","Ensure the order of headings is semantically correct","cat.semantics,best-practice","https://www.va.gov/hines-health-care/programs/electronic-health-record-modernization/","Electronic Health Record Modernization | VA Hines Health Care | Veterans Affairs","<h4>The three major goals of the EHRM program are to:</h4>","Fix any of the following:
  Heading order invalid","moderate","h4","https://dequeuniversity.com/rules/axe/4.11/heading-order?application=playwright"
"None","Desktop","2026-01-15T14:21:57.022Z","Good to Fix","empty-heading","Ensure headings have discernible text","cat.name-role-value,best-practice","https://www.va.gov/erie-health-care/news-releases/page-3/","News Releases | VA Erie Health Care | Veterans Affairs","<h2 class=""vads-u-margin-bottom--1p5 vads-u-font-size--md medium-screen:vads-u-font-size--lg""><va-link href=""/erie-health-care/news-releases/million-veteran-program-returns-to-erie"" text=""Million Veteran Program Returns to Erie""></va-link></h2>","Fix any of the following:
  Element does not have text that is visible to screen readers
  aria-label attribute does not exist or is empty
  aria-labelledby attribute does not exist, references elements that do not exist or references elements that are empty
  Element has no title attribute","minor","li:nth-child(1) > section > h2","https://dequeuniversity.com/rules/axe/4.11/empty-heading?application=playwright"
"None","Desktop","2026-01-15T14:21:57.022Z","Good to Fix","empty-heading","Ensure headings have discernible text","cat.name-role-value,best-practice","https://www.va.gov/erie-health-care/news-releases/page-3/","News Releases | VA Erie Health Care | Veterans Affairs","<h2 class=""vads-u-margin-bottom--1p5 vads-u-font-size--md medium-screen:vads-u-font-size--lg""><va-link href=""/erie-health-care/news-releases/erie-va-medical-center-seeks-volunteer-drivers"" text=""Erie VA Medical Center Seeks Volunteer Drivers""></va-link></h2>","Fix any of the following:
  Element does not have text that is visible to screen readers
  aria-label attribute does not exist or is empty
  aria-labelledby attribute does not exist, references elements that do not exist or references elements that are empty
  Element has no title attribute","minor","li:nth-child(2) > section > h2","https://dequeuniversity.com/rules/axe/4.11/empty-heading?application=playwright"
"None","Desktop","2026-01-15T14:21:57.022Z","Good to Fix","empty-heading","Ensure headings have discernible text","cat.name-role-value,best-practice","https://www.va.gov/erie-health-care/news-releases/page-3/","News Releases | VA Erie Health Care | Veterans Affairs","<h2 class=""vads-u-margin-bottom--1p5 vads-u-font-size--md medium-screen:vads-u-font-size--lg""><va-link href=""/erie-health-care/news-releases/erie-va-medical-center-hosts-veteran-resource-fairs"" text=""Erie VA Medical Center Hosts Veteran Resource Fairs""></va-link></h2>","Fix any of the following:
  Element does not have text that is visible to screen readers
  aria-label attribute does not exist or is empty
  aria-labelledby attribute does not exist, references elements that do not exist or references elements that are empty
  Element has no title attribute","minor","li:nth-child(3) > section > h2","https://dequeuniversity.com/rules/axe/4.11/empty-heading?application=playwright"
"None","Desktop","2026-01-15T14:21:57.022Z","Good to Fix","empty-heading","Ensure headings have discernible text","cat.name-role-value,best-practice","https://www.va.gov/erie-health-care/news-releases/page-3/","News Releases | VA Erie Health Care | Veterans Affairs","<h2 class=""vads-u-margin-bottom--1p5 vads-u-font-size--md medium-screen:vads-u-font-size--lg""><va-link href=""/erie-health-care/news-releases/erie-va-medical-center-hosts-veteran-town-hall-0"" text=""Erie VA Medical Center Hosts Veteran Town Hall""></va-link></h2>","Fix any of the following:
  Element does not have text that is visible to screen readers
  aria-label attribute does not exist or is empty
  aria-labelledby attribute does not exist, references elements that do not exist or references elements that are empty
  Element has no title attribute","minor","li:nth-child(4) > section > h2","https://dequeuniversity.com/rules/axe/4.11/empty-heading?application=playwright"
"None","Desktop","2026-01-15T14:21:57.022Z","Good to Fix","empty-heading","Ensure headings have discernible text","cat.name-role-value,best-practice","https://www.va.gov/erie-health-care/news-releases/page-3/","News Releases | VA Erie Health Care | Veterans Affairs","<h2 class=""vads-u-margin-bottom--1p5 vads-u-font-size--md medium-screen:vads-u-font-size--lg""><va-link href=""/erie-health-care/news-releases/annual-veterans-day-parade-announced"" text=""Annual Veterans Day Parade Announced""></va-link></h2>","Fix any of the following:
  Element does not have text that is visible to screen readers
  aria-label attribute does not exist or is empty
  aria-labelledby attribute does not exist, references elements that do not exist or references elements that are empty
  Element has no title attribute","minor","li:nth-child(5) > section > h2","https://dequeuniversity.com/rules/axe/4.11/empty-heading?application=playwright"
"None","Desktop","2026-01-15T14:21:57.022Z","Good to Fix","empty-heading","Ensure headings have discernible text","cat.name-role-value,best-practice","https://www.va.gov/erie-health-care/news-releases/page-3/","News Releases | VA Erie Health Care | Veterans Affairs","<h2 class=""vads-u-margin-bottom--1p5 vads-u-font-size--md medium-screen:vads-u-font-size--lg""><va-link href=""/erie-health-care/news-releases/erie-va-medical-center-honored-for-excellence-in-sustainability"" text=""Erie VA Medical Center Honored for Excellence in Sustainability""></va-link></h2>","Fix any of the following:
  Element does not have text that is visible to screen readers
  aria-label attribute does not exist or is empty
  aria-labelledby attribute does not exist, references elements that do not exist or references elements that are empty
  Element has no title attribute","minor","li:nth-child(6) > section > h2","https://dequeuniversity.com/rules/axe/4.11/empty-heading?application=playwright"
"None","Desktop","2026-01-15T14:21:57.022Z","Good to Fix","empty-heading","Ensure headings have discernible text","cat.name-role-value,best-practice","https://www.va.gov/erie-health-care/news-releases/page-3/","News Releases | VA Erie Health Care | Veterans Affairs","<h2 class=""vads-u-margin-bottom--1p5 vads-u-font-size--md medium-screen:vads-u-font-size--lg""><va-link href=""/erie-health-care/news-releases/erie-va-medical-center-hosts-veteran-town-hall"" text=""Erie VA Medical Center Hosts Veteran Town Hall""></va-link></h2>","Fix any of the following:
  Element does not have text that is visible to screen readers
  aria-label attribute does not exist or is empty
  aria-labelledby attribute does not exist, references elements that do not exist or references elements that are empty
  Element has no title attribute","minor","li:nth-child(7) > section > h2","https://dequeuniversity.com/rules/axe/4.11/empty-heading?application=playwright"
"None","Desktop","2026-01-15T14:21:57.022Z","Good to Fix","empty-heading","Ensure headings have discernible text","cat.name-role-value,best-practice","https://www.va.gov/erie-health-care/news-releases/page-3/","News Releases | VA Erie Health Care | Veterans Affairs","<h2 class=""vads-u-margin-bottom--1p5 vads-u-font-size--md medium-screen:vads-u-font-size--lg"">","Fix any of the following:
  Element does not have text that is visible to screen readers
  aria-label attribute does not exist or is empty
  aria-labelledby attribute does not exist, references elements that do not exist or references elements that are empty
  Element has no title attribute","minor","li:nth-child(8) > section > h2","https://dequeuniversity.com/rules/axe/4.11/empty-heading?application=playwright"
"None","Desktop","2026-01-15T14:21:57.022Z","Good to Fix","empty-heading","Ensure headings have discernible text","cat.name-role-value,best-practice","https://www.va.gov/erie-health-care/news-releases/page-3/","News Releases | VA Erie Health Care | Veterans Affairs","<h2 class=""vads-u-margin-bottom--1p5 vads-u-font-size--md medium-screen:vads-u-font-size--lg""><va-link href=""/erie-health-care/news-releases/no-cost-va-flu-shots-for-eligible-veterans-0"" text=""No-Cost VA Flu Shots for Eligible Veterans""></va-link></h2>","Fix any of the following:
  Element does not have text that is visible to screen readers
  aria-label attribute does not exist or is empty
  aria-labelledby attribute does not exist, references elements that do not exist or references elements that are empty
  Element has no title attribute","minor","li:nth-child(9) > section > h2","https://dequeuniversity.com/rules/axe/4.11/empty-heading?application=playwright"
"None","Desktop","2026-01-15T14:21:57.022Z","Good to Fix","empty-heading","Ensure headings have discernible text","cat.name-role-value,best-practice","https://www.va.gov/erie-health-care/news-releases/page-3/","News Releases | VA Erie Health Care | Veterans Affairs","<h2 class=""vads-u-margin-bottom--1p5 vads-u-font-size--md medium-screen:vads-u-font-size--lg""><va-link href=""/erie-health-care/news-releases/no-cost-va-flu-shots-for-eligible-veterans"" text=""No-Cost VA Flu Shots for Eligible Veterans""></va-link></h2>","Fix any of the following:
  Element does not have text that is visible to screen readers
  aria-label attribute does not exist or is empty
  aria-labelledby attribute does not exist, references elements that do not exist or references elements that are empty
  Element has no title attribute","minor","li:nth-child(10) > section > h2","https://dequeuniversity.com/rules/axe/4.11/empty-heading?application=playwright"
"None","Desktop","2026-01-15T14:21:57.022Z","Good to Fix","empty-heading","Ensure headings have discernible text","cat.name-role-value,best-practice","https://www.va.gov/illiana-health-care/stories/","Stories | VA Illiana Health Care | Veterans Affairs","<h2 class=""vads-u-margin-top--0 vads-u-font-size--md tablet:vads-u-font-size--lg tablet:vads-u-margin-bottom--0p5""><va-link href=""/illiana-health-care/stories/five-reasons-to-attend-va-illianas-vetfest-2024"" text=""Five reasons to attend VA Illianaâ€™s VetFest 2024""></va-link></h2>","Fix any of the following:
  Element does not have text that is visible to screen readers
  aria-label attribute does not exist or is empty
  aria-labelledby attribute does not exist, references elements that do not exist or references elements that are empty
  Element has no title attribute","minor","li:nth-child(1) > .vads-u-padding-x--0.vads-u-margin-bottom--3.tablet\:vads-u-margin-bottom--4 > .vads-grid-row > .tablet\:vads-grid-col-8.tablet\:vads-u-padding-right--3 > h2","https://dequeuniversity.com/rules/axe/4.11/empty-heading?application=playwright"
"None","Desktop","2026-01-15T14:21:57.022Z","Good to Fix","empty-heading","Ensure headings have discernible text","cat.name-role-value,best-practice","https://www.va.gov/illiana-health-care/stories/","Stories | VA Illiana Health Care | Veterans Affairs","<h2 class=""vads-u-margin-top--0 vads-u-font-size--md tablet:vads-u-font-size--lg tablet:vads-u-margin-bottom--0p5"">","Fix any of the following:
  Element does not have text that is visible to screen readers
  aria-label attribute does not exist or is empty
  aria-labelledby attribute does not exist, references elements that do not exist or references elements that are empty
  Element has no title attribute","minor","li:nth-child(2) > .vads-u-padding-x--0.vads-u-margin-bottom--3.tablet\:vads-u-margin-bottom--4 > .vads-grid-row > .tablet\:vads-grid-col-8.tablet\:vads-u-padding-right--3 > h2","https://dequeuniversity.com/rules/axe/4.11/empty-heading?application=playwright"
"None","Desktop","2026-01-15T14:21:57.022Z","Good to Fix","empty-heading","Ensure headings have discernible text","cat.name-role-value,best-practice","https://www.va.gov/illiana-health-care/stories/","Stories | VA Illiana Health Care | Veterans Affairs","<h2 class=""vads-u-margin-top--0 vads-u-font-size--md tablet:vads-u-font-size--lg tablet:vads-u-margin-bottom--0p5""><va-link href=""/illiana-health-care/stories/va-illiana-honors-juneteenth-national-independence-day"" text=""VA Illiana honors Juneteenth National Independence Day""></va-link></h2>","Fix any of the following:
  Element does not have text that is visible to screen readers
  aria-label attribute does not exist or is empty
  aria-labelledby attribute does not exist, references elements that do not exist or references elements that are empty
  Element has no title attribute","minor","li:nth-child(3) > .vads-u-padding-x--0.vads-u-margin-bottom--3.tablet\:vads-u-margin-bottom--4 > .vads-grid-row > .tablet\:vads-grid-col-8.tablet\:vads-u-padding-right--3 > h2","https://dequeuniversity.com/rules/axe/4.11/empty-heading?application=playwright"
"None","Desktop","2026-01-15T14:21:57.022Z","Good to Fix","empty-heading","Ensure headings have discernible text","cat.name-role-value,best-practice","https://www.va.gov/illiana-health-care/stories/","Stories | VA Illiana Health Care | Veterans Affairs","<h2 class=""vads-u-margin-top--0 vads-u-font-size--md tablet:vads-u-font-size--lg tablet:vads-u-margin-bottom--0p5""><va-link href=""/illiana-health-care/stories/telepain-changing-lives-empowering-veterans"" text=""TelePain: Changing Lives, Empowering Veterans""></va-link></h2>","Fix any of the following:
  Element does not have text that is visible to screen readers
  aria-label attribute does not exist or is empty
  aria-labelledby attribute does not exist, references elements that do not exist or references elements that are empty
  Element has no title attribute","minor","li:nth-child(4) > .vads-u-padding-x--0.vads-u-margin-bottom--3.tablet\:vads-u-margin-bottom--4 > .vads-grid-row > .tablet\:vads-grid-col-8.tablet\:vads-u-padding-right--3 > h2","https://dequeuniversity.com/rules/axe/4.11/empty-heading?application=playwright"
"None","Desktop","2026-01-15T14:21:57.022Z","Good to Fix","empty-heading","Ensure headings have discernible text","cat.name-role-value,best-practice","https://www.va.gov/illiana-health-care/stories/","Stories | VA Illiana Health Care | Veterans Affairs","<h2 class=""vads-u-margin-top--0 vads-u-font-size--md tablet:vads-u-font-size--lg tablet:vads-u-margin-bottom--0p5""><va-link href=""/illiana-health-care/stories/building-community-from-a-distance"" text=""Building Community from a Distance""></va-link></h2>","Fix any of the following:
  Element does not have text that is visible to screen readers
  aria-label attribute does not exist or is empty
  aria-labelledby attribute does not exist, references elements that do not exist or references elements that are empty
  Element has no title attribute","minor","li:nth-child(5) > .vads-u-padding-x--0.vads-u-margin-bottom--3.tablet\:vads-u-margin-bottom--4 > .vads-grid-row > .tablet\:vads-grid-col-8.tablet\:vads-u-padding-right--3 > h2","https://dequeuniversity.com/rules/axe/4.11/empty-heading?application=playwright"
"None","Desktop","2026-01-15T14:21:57.022Z","Good to Fix","empty-heading","Ensure headings have discernible text","cat.name-role-value,best-practice","https://www.va.gov/illiana-health-care/stories/","Stories | VA Illiana Health Care | Veterans Affairs","<h2 class=""vads-u-margin-top--0 vads-u-font-size--md tablet:vads-u-font-size--lg tablet:vads-u-margin-bottom--0p5""><va-link href=""/illiana-health-care/stories/eat-a-variety-of-foods-from-all-food-groups"" text=""Eat a variety of foods from all food groups""></va-link></h2>","Fix any of the following:
  Element does not have text that is visible to screen readers
  aria-label attribute does not exist or is empty
  aria-labelledby attribute does not exist, references elements that do not exist or references elements that are empty
  Element has no title attribute","minor","li:nth-child(6) > .vads-u-padding-x--0.vads-u-margin-bottom--3.tablet\:vads-u-margin-bottom--4 > .vads-grid-row > .tablet\:vads-grid-col-8.tablet\:vads-u-padding-right--3 > h2","https://dequeuniversity.com/rules/axe/4.11/empty-heading?application=playwright"
"None","Desktop","2026-01-15T14:21:57.022Z","Good to Fix","empty-heading","Ensure headings have discernible text","cat.name-role-value,best-practice","https://www.va.gov/illiana-health-care/stories/","Stories | VA Illiana Health Care | Veterans Affairs","<h2 class=""vads-u-margin-top--0 vads-u-font-size--md tablet:vads-u-font-size--lg tablet:vads-u-margin-bottom--0p5"">","Fix any of the following:
  Element does not have text that is visible to screen readers
  aria-label attribute does not exist or is empty
  aria-labelledby attribute does not exist, references elements that do not exist or references elements that are empty
  Element has no title attribute","minor","li:nth-child(7) > .vads-u-padding-x--0.vads-u-margin-bottom--3.tablet\:vads-u-margin-bottom--4 > .vads-grid-row > .tablet\:vads-grid-col-8.tablet\:vads-u-padding-right--3 > h2","https://dequeuniversity.com/rules/axe/4.11/empty-heading?application=playwright"
"None","Desktop","2026-01-15T14:21:57.022Z","Good to Fix","empty-heading","Ensure headings have discernible text","cat.name-role-value,best-practice","https://www.va.gov/illiana-health-care/stories/","Stories | VA Illiana Health Care | Veterans Affairs","<h2 class=""vads-u-margin-top--0 vads-u-font-size--md tablet:vads-u-font-size--lg tablet:vads-u-margin-bottom--0p5"">","Fix any of the following:
  Element does not have text that is visible to screen readers
  aria-label attribute does not exist or is empty
  aria-labelledby attribute does not exist, references elements that do not exist or references elements that are empty
  Element has no title attribute","minor","li:nth-child(8) > .vads-u-padding-x--0.vads-u-margin-bottom--3.tablet\:vads-u-margin-bottom--4 > .vads-grid-row > .tablet\:vads-grid-col-8.tablet\:vads-u-padding-right--3 > h2","https://dequeuniversity.com/rules/axe/4.11/empty-heading?application=playwright"
"None","Desktop","2026-01-15T14:21:57.022Z","Good to Fix","empty-heading","Ensure headings have discernible text","cat.name-role-value,best-practice","https://www.va.gov/illiana-health-care/stories/","Stories | VA Illiana Health Care | Veterans Affairs","<h2 class=""vads-u-margin-top--0 vads-u-font-size--md tablet:vads-u-font-size--lg tablet:vads-u-margin-bottom--0p5""><va-link href=""/illiana-health-care/stories/driving-veterans-why-volunteer"" text=""Driving Veterans: Why Volunteer?""></va-link></h2>","Fix any of the following:
  Element does not have text that is visible to screen readers
  aria-label attribute does not exist or is empty
  aria-labelledby attribute does not exist, references elements that do not exist or references elements that are empty
  Element has no title attribute","minor","li:nth-child(9) > .vads-u-padding-x--0.vads-u-margin-bottom--3.tablet\:vads-u-margin-bottom--4 > .vads-grid-row > .tablet\:vads-grid-col-8.tablet\:vads-u-padding-right--3 > h2","https://dequeuniversity.com/rules/axe/4.11/empty-heading?application=playwright"
"None","Desktop","2026-01-15T14:21:57.022Z","Good to Fix","empty-heading","Ensure headings have discernible text","cat.name-role-value,best-practice","https://www.va.gov/illiana-health-care/stories/","Stories | VA Illiana Health Care | Veterans Affairs","<h2 class=""vads-u-margin-top--0 vads-u-font-size--md tablet:vads-u-font-size--lg tablet:vads-u-margin-bottom--0p5"">","Fix any of the following:
  Element does not have text that is visible to screen readers
  aria-label attribute does not exist or is empty
  aria-labelledby attribute does not exist, references elements that do not exist or references elements that are empty
  Element has no title attribute","minor","li:nth-child(10) > .vads-u-padding-x--0.vads-u-margin-bottom--3.tablet\:vads-u-margin-bottom--4 > .vads-grid-row > .tablet\:vads-grid-col-8.tablet\:vads-u-padding-right--3 > h2","https://dequeuniversity.com/rules/axe/4.11/empty-heading?application=playwright"
"None","Desktop","2026-01-15T14:21:57.022Z","Good to Fix","empty-heading","Ensure headings have discernible text","cat.name-role-value,best-practice","https://www.va.gov/indiana-health-care/pharmacy/","Pharmacy | VA Indiana Health Care | Veterans Affairs","<h3 id="""">&nbsp;</h3>","Fix any of the following:
  Element does not have text that is visible to screen readers
  aria-label attribute does not exist or is empty
  aria-labelledby attribute does not exist, references elements that do not exist or references elements that are empty
  Element has no title attribute","minor","h3:nth-child(13)","https://dequeuniversity.com/rules/axe/4.11/empty-heading?application=playwright"
"None","Desktop","2026-01-15T14:21:57.022Z","Good to Fix","empty-heading","Ensure headings have discernible text","cat.name-role-value,best-practice","https://www.va.gov/indiana-health-care/pharmacy/","Pharmacy | VA Indiana Health Care | Veterans Affairs","<h3 id=""-1"">&nbsp;</h3>","Fix any of the following:
  Element does not have text that is visible to screen readers
  aria-label attribute does not exist or is empty
  aria-labelledby attribute does not exist, references elements that do not exist or references elements that are empty
  Element has no title attribute","minor","#-\31 ","https://dequeuniversity.com/rules/axe/4.11/empty-heading?application=playwright"
"None","Desktop","2026-01-15T14:21:57.022Z","Good to Fix","heading-order","Ensure the order of headings is semantically correct","cat.semantics,best-practice","https://www.va.gov/indiana-health-care/pharmacy/","Pharmacy | VA Indiana Health Care | Veterans Affairs","<h4>Pharmacy support</h4>","Fix any of the following:
  Heading order invalid","moderate","h4","https://dequeuniversity.com/rules/axe/4.11/heading-order?application=playwright"
"None","Desktop","2026-01-15T14:21:57.022Z","Must Fix","aria-dialog-name","Ensure every ARIA dialog and alertdialog node has an accessible name","cat.aria,best-practice","https://www.va.gov/forms/40-0895-15/","About VA Form VA40-0895-15 | Veterans Affairs","<div aria-modal=""true"" role=""dialog"" aria-labelledby=""sidebar_header"">","Fix any of the following:
  aria-label attribute does not exist or is empty
  aria-labelledby attribute does not exist, references elements that do not exist or references elements that are empty
  Element has no title attribute","serious","div[aria-modal=""true""]","https://dequeuniversity.com/rules/axe/4.11/aria-dialog-name?application=playwright"
"None","Desktop","2026-01-15T14:21:57.022Z","Good to Fix","empty-heading","Ensure headings have discernible text","cat.name-role-value,best-practice","https://www.va.gov/sioux-falls-health-care/stories/page-3/","Stories | VA Sioux Falls Health Care | Veterans Affairs","<h2 class=""vads-u-margin-top--0 vads-u-font-size--md tablet:vads-u-font-size--lg tablet:vads-u-margin-bottom--0p5""><va-link href=""/sioux-falls-health-care/stories/thrive-a-whole-health-program-for-veterans-well-being"" text=""Thrive: A Whole health program for Veteran's well-being""></va-link></h2>","Fix any of the following:
  Element does not have text that is visible to screen readers
  aria-label attribute does not exist or is empty
  aria-labelledby attribute does not exist, references elements that do not exist or references elements that are empty
  Element has no title attribute","minor","li:nth-child(1) > .vads-u-padding-x--0.vads-u-margin-bottom--3.tablet\:vads-u-margin-bottom--4 > .vads-grid-row > .tablet\:vads-grid-col-8.tablet\:vads-u-padding-right--3 > h2","https://dequeuniversity.com/rules/axe/4.11/empty-heading?application=playwright"
"None","Desktop","2026-01-15T14:21:57.022Z","Good to Fix","empty-heading","Ensure headings have discernible text","cat.name-role-value,best-practice","https://www.va.gov/sioux-falls-health-care/stories/page-3/","Stories | VA Sioux Falls Health Care | Veterans Affairs","<h2 class=""vads-u-margin-top--0 vads-u-font-size--md tablet:vads-u-font-size--lg tablet:vads-u-margin-bottom--0p5""><va-link href=""/sioux-falls-health-care/stories/influenza-season-is-upon-us"" text=""Influenza season is upon us""></va-link></h2>","Fix any of the following:
  Element does not have text that is visible to screen readers
  aria-label attribute does not exist or is empty
  aria-labelledby attribute does not exist, references elements that do not exist or references elements that are empty
  Element has no title attribute","minor","li:nth-child(2) > .vads-u-padding-x--0.vads-u-margin-bottom--3.tablet\:vads-u-margin-bottom--4 > .vads-grid-row > .tablet\:vads-grid-col-8.tablet\:vads-u-padding-right--3 > h2","https://dequeuniversity.com/rules/axe/4.11/empty-heading?application=playwright"
"None","Desktop","2026-01-15T14:21:57.022Z","Good to Fix","empty-heading","Ensure headings have discernible text","cat.name-role-value,best-practice","https://www.va.gov/sioux-falls-health-care/stories/page-3/","Stories | VA Sioux Falls Health Care | Veterans Affairs","<h2 class=""vads-u-margin-top--0 vads-u-font-size--md tablet:vads-u-font-size--lg tablet:vads-u-margin-bottom--0p5""><va-link href=""/sioux-falls-health-care/stories/women-veterans-whole-health-retreat"" text=""Women Veterans Whole Health retreat""></va-link></h2>","Fix any of the following:
  Element does not have text that is visible to screen readers
  aria-label attribute does not exist or is empty
  aria-labelledby attribute does not exist, references elements that do not exist or references elements that are empty
  Element has no title attribute","minor","li:nth-child(3) > .vads-u-padding-x--0.vads-u-margin-bottom--3.tablet\:vads-u-margin-bottom--4 > .vads-grid-row > .tablet\:vads-grid-col-8.tablet\:vads-u-padding-right--3 > h2","https://dequeuniversity.com/rules/axe/4.11/empty-heading?application=playwright"
"None","Desktop","2026-01-15T14:21:57.022Z","Good to Fix","empty-heading","Ensure headings have discernible text","cat.name-role-value,best-practice","https://www.va.gov/sioux-falls-health-care/stories/page-3/","Stories | VA Sioux Falls Health Care | Veterans Affairs","<h2 class=""vads-u-margin-top--0 vads-u-font-size--md tablet:vads-u-font-size--lg tablet:vads-u-margin-bottom--0p5""><va-link href=""/sioux-falls-health-care/stories/health-impacts-of-chronic-stress-and-how-to-manage"" text=""Health impacts of chronic stress and how to manage""></va-link></h2>","Fix any of the following:
  Element does not have text that is visible to screen readers
  aria-label attribute does not exist or is empty
  aria-labelledby attribute does not exist, references elements that do not exist or references elements that are empty
  Element has no title attribute","minor","li:nth-child(4) > .vads-u-padding-x--0.vads-u-margin-bottom--3.tablet\:vads-u-margin-bottom--4 > .vads-grid-row > .tablet\:vads-grid-col-8.tablet\:vads-u-padding-right--3 > h2","https://dequeuniversity.com/rules/axe/4.11/empty-heading?application=playwright"
"None","Desktop","2026-01-15T14:21:57.022Z","Good to Fix","empty-heading","Ensure headings have discernible text","cat.name-role-value,best-practice","https://www.va.gov/sioux-falls-health-care/stories/page-3/","Stories | VA Sioux Falls Health Care | Veterans Affairs","<h2 class=""vads-u-margin-top--0 vads-u-font-size--md tablet:vads-u-font-size--lg tablet:vads-u-margin-bottom--0p5""><va-link href=""/sioux-falls-health-care/stories/healing-through-woodworking-and-recreational-therapy"" text=""Healing through woodworking and recreational therapy""></va-link></h2>","Fix any of the following:
  Element does not have text that is visible to screen readers
  aria-label attribute does not exist or is empty
  aria-labelledby attribute does not exist, references elements that do not exist or references elements that are empty
  Element has no title attribute","minor","li:nth-child(5) > .vads-u-padding-x--0.vads-u-margin-bottom--3.tablet\:vads-u-margin-bottom--4 > .vads-grid-row > .tablet\:vads-grid-col-8.tablet\:vads-u-padding-right--3 > h2","https://dequeuniversity.com/rules/axe/4.11/empty-heading?application=playwright"
"None","Desktop","2026-01-15T14:21:57.022Z","Good to Fix","empty-heading","Ensure headings have discernible text","cat.name-role-value,best-practice","https://www.va.gov/sioux-falls-health-care/stories/page-3/","Stories | VA Sioux Falls Health Care | Veterans Affairs","<h2 class=""vads-u-margin-top--0 vads-u-font-size--md tablet:vads-u-font-size--lg tablet:vads-u-margin-bottom--0p5""><va-link href=""/sioux-falls-health-care/stories/outreach-event-leads-to-meaningful-experience"" text=""Outreach event leads to meaningful experience""></va-link></h2>","Fix any of the following:
  Element does not have text that is visible to screen readers
  aria-label attribute does not exist or is empty
  aria-labelledby attribute does not exist, references elements that do not exist or references elements that are empty
  Element has no title attribute","minor","li:nth-child(6) > .vads-u-padding-x--0.vads-u-margin-bottom--3.tablet\:vads-u-margin-bottom--4 > .vads-grid-row > .tablet\:vads-grid-col-8.tablet\:vads-u-padding-right--3 > h2","https://dequeuniversity.com/rules/axe/4.11/empty-heading?application=playwright"
"None","Desktop","2026-01-15T14:21:57.022Z","Good to Fix","empty-heading","Ensure headings have discernible text","cat.name-role-value,best-practice","https://www.va.gov/sioux-falls-health-care/stories/page-3/","Stories | VA Sioux Falls Health Care | Veterans Affairs","<h2 class=""vads-u-margin-top--0 vads-u-font-size--md tablet:vads-u-font-size--lg tablet:vads-u-margin-bottom--0p5""><va-link href=""/sioux-falls-health-care/stories/paws-for-pathways"" text=""Paws for Pathways""></va-link></h2>","Fix any of the following:
  Element does not have text that is visible to screen readers
  aria-label attribute does not exist or is empty
  aria-labelledby attribute does not exist, references elements that do not exist or references elements that are empty
  Element has no title attribute","minor","li:nth-child(7) > .vads-u-padding-x--0.vads-u-margin-bottom--3.tablet\:vads-u-margin-bottom--4 > .vads-grid-row > .tablet\:vads-grid-col-8.tablet\:vads-u-padding-right--3 > h2","https://dequeuniversity.com/rules/axe/4.11/empty-heading?application=playwright"
"None","Desktop","2026-01-15T14:21:57.022Z","Good to Fix","empty-heading","Ensure headings have discernible text","cat.name-role-value,best-practice","https://www.va.gov/sioux-falls-health-care/stories/page-3/","Stories | VA Sioux Falls Health Care | Veterans Affairs","<h2 class=""vads-u-margin-top--0 vads-u-font-size--md tablet:vads-u-font-size--lg tablet:vads-u-margin-bottom--0p5"">","Fix any of the following:
  Element does not have text that is visible to screen readers
  aria-label attribute does not exist or is empty
  aria-labelledby attribute does not exist, references elements that do not exist or references elements that are empty
  Element has no title attribute","minor","li:nth-child(8) > .vads-u-padding-x--0.vads-u-margin-bottom--3.tablet\:vads-u-margin-bottom--4 > .vads-grid-row > .tablet\:vads-grid-col-8.tablet\:vads-u-padding-right--3 > h2","https://dequeuniversity.com/rules/axe/4.11/empty-heading?application=playwright"
"None","Desktop","2026-01-15T14:21:57.022Z","Good to Fix","empty-heading","Ensure headings have discernible text","cat.name-role-value,best-practice","https://www.va.gov/sioux-falls-health-care/stories/page-3/","Stories | VA Sioux Falls Health Care | Veterans Affairs","<h2 class=""vads-u-margin-top--0 vads-u-font-size--md tablet:vads-u-font-size--lg tablet:vads-u-margin-bottom--0p5"">","Fix any of the following:
  Element does not have text that is visible to screen readers
  aria-label attribute does not exist or is empty
  aria-labelledby attribute does not exist, references elements that do not exist or references elements that are empty
  Element has no title attribute","minor","li:nth-child(9) > .vads-u-padding-x--0.vads-u-margin-bottom--3.tablet\:vads-u-margin-bottom--4 > .vads-grid-row > .tablet\:vads-grid-col-8.tablet\:vads-u-padding-right--3 > h2","https://dequeuniversity.com/rules/axe/4.11/empty-heading?application=playwright"
"None","Desktop","2026-01-15T14:21:57.022Z","Good to Fix","empty-heading","Ensure headings have discernible text","cat.name-role-value,best-practice","https://www.va.gov/sioux-falls-health-care/stories/page-3/","Stories | VA Sioux Falls Health Care | Veterans Affairs","<h2 class=""vads-u-margin-top--0 vads-u-font-size--md tablet:vads-u-font-size--lg tablet:vads-u-margin-bottom--0p5""><va-link href=""/sioux-falls-health-care/stories/june-is-alzheimers-and-brain-awareness-month"" text=""June is Alzheimer's and brain awareness month""></va-link></h2>","Fix any of the following:
  Element does not have text that is visible to screen readers
  aria-label attribute does not exist or is empty
  aria-labelledby attribute does not exist, references elements that do not exist or references elements that are empty
  Element has no title attribute","minor","li:nth-child(10) > .vads-u-padding-x--0.vads-u-margin-bottom--3.tablet\:vads-u-margin-bottom--4 > .vads-grid-row > .tablet\:vads-grid-col-8.tablet\:vads-u-padding-right--3 > h2","https://dequeuniversity.com/rules/axe/4.11/empty-heading?application=playwright"
"None","Desktop","2026-01-15T14:21:57.022Z","Good to Fix","empty-heading","Ensure headings have discernible text","cat.name-role-value,best-practice","https://www.va.gov/louisville-health-care/register-for-care/","Register For Care | VA Louisville Health Care | Veterans Affairs","<h3><va-link href=""/louisville-health-care/locations/robley-rex-department-of-veterans-affairs-medical-center"" text=""Robley Rex Department of Veterans Affairs Medical Center""></va-link></h3>","Fix any of the following:
  Element does not have text that is visible to screen readers
  aria-label attribute does not exist or is empty
  aria-labelledby attribute does not exist, references elements that do not exist or references elements that are empty
  Element has no title attribute","minor","article > h3","https://dequeuniversity.com/rules/axe/4.11/empty-heading?application=playwright"
"None","Desktop","2026-01-15T14:21:57.022Z","Must Fix","aria-dialog-name","Ensure every ARIA dialog and alertdialog node has an accessible name","cat.aria,best-practice","https://www.va.gov/forms/10-0491d/","About VA Form 10-0491D | Veterans Affairs","<div aria-modal=""true"" role=""dialog"" aria-labelledby=""sidebar_header"">","Fix any of the following:
  aria-label attribute does not exist or is empty
  aria-labelledby attribute does not exist, references elements that do not exist or references elements that are empty
  Element has no title attribute","serious","div[aria-modal=""true""]","https://dequeuniversity.com/rules/axe/4.11/aria-dialog-name?application=playwright"
"None","Desktop","2026-01-15T14:21:57.022Z","Good to Fix","empty-heading","Ensure headings have discernible text","cat.name-role-value,best-practice","https://www.va.gov/salisbury-health-care/health-services/caregiver-support/","Caregiver Support | VA Salisbury Health Care | Veterans Affairs","<h2 id="""">&nbsp;</h2>","Fix any of the following:
  Element does not have text that is visible to screen readers
  aria-label attribute does not exist or is empty
  aria-labelledby attribute does not exist, references elements that do not exist or references elements that are empty
  Element has no title attribute","minor","h2:nth-child(4)","https://dequeuniversity.com/rules/axe/4.11/empty-heading?application=playwright"
"None","Desktop","2026-01-15T14:21:57.022Z","Good to Fix","heading-order","Ensure the order of headings is semantically correct","cat.semantics,best-practice","https://www.va.gov/montana-health-care/work-with-us/jobs-and-careers/","Jobs And Careers | VA Montana Health Care | Veterans Affairs","<h6><strong>NURSE RECRUITING VIDEOS for MONTANA VA HEALTH CARE SYSTEM:</strong></h6>","Fix any of the following:
  Heading order invalid","moderate","h6:nth-child(11)","https://dequeuniversity.com/rules/axe/4.11/heading-order?application=playwright"
"None","Desktop","2026-01-15T14:21:57.022Z","Good to Fix","empty-heading","Ensure headings have discernible text","cat.name-role-value,best-practice","https://www.va.gov/resources/how-to-set-up-direct-deposit-for-va-travel-pay-reimbursement/","How To Set Up Direct Deposit For VA Travel Pay Reimbursement | Veterans Affairs","<h2 class=""vads-u-font-size--h2 vads-u-margin-y--4 vads-u-padding-top--0 "" id="""">
                </h2>","Fix any of the following:
  Element does not have text that is visible to screen readers
  aria-label attribute does not exist or is empty
  aria-labelledby attribute does not exist, references elements that do not exist or references elements that are empty
  Element has no title attribute","minor",".vads-u-font-size--h2","https://dequeuniversity.com/rules/axe/4.11/empty-heading?application=playwright"
"None","Desktop","2026-01-15T14:21:57.022Z","Good to Fix","empty-heading","Ensure headings have discernible text","cat.name-role-value,best-practice","https://www.va.gov/alaska-health-care/register-for-care/","Register For Care | VA Alaska Health Care | Veterans Affairs","<h3><va-link href=""/alaska-health-care/locations/colonel-mary-louise-rasmuson-campus-of-the-alaska-va-healthcare-system"" text=""Colonel Mary Louise Rasmuson Campus of the Alaska VA Healthcare System""></va-link></h3>","Fix any of the following:
  Element does not have text that is visible to screen readers
  aria-label attribute does not exist or is empty
  aria-labelledby attribute does not exist, references elements that do not exist or references elements that are empty
  Element has no title attribute","minor","article > h3","https://dequeuniversity.com/rules/axe/4.11/empty-heading?application=playwright"
"None","Desktop","2026-01-15T14:21:57.022Z","Good to Fix","empty-heading","Ensure headings have discernible text","cat.name-role-value,best-practice","https://www.va.gov/pension/protected-pension-rates/past-rates-2019/","Past Rates: 2019 VA Protected Disability And Death Pension | Veterans Affairs","<h3 class=""va-nav-linkslist-title vads-u-font-size--h4"" id="""">
            <va-link href=""/pension/eligibility"" text=""Veterans Pension eligibility"">
        </va-link></h3>","Fix any of the following:
  Element does not have text that is visible to screen readers
  aria-label attribute does not exist or is empty
  aria-labelledby attribute does not exist, references elements that do not exist or references elements that are empty
  Element has no title attribute","minor","li[data-entity-id=""12826""] > .va-nav-linkslist-title.vads-u-font-size--h4","https://dequeuniversity.com/rules/axe/4.11/empty-heading?application=playwright"
"None","Desktop","2026-01-15T14:21:57.022Z","Good to Fix","empty-heading","Ensure headings have discernible text","cat.name-role-value,best-practice","https://www.va.gov/pension/protected-pension-rates/past-rates-2019/","Past Rates: 2019 VA Protected Disability And Death Pension | Veterans Affairs","<h3 class=""va-nav-linkslist-title vads-u-font-size--h4"" id=""-2"">
            <va-link href=""/pension/how-to-apply"" text=""Apply for Veterans Pension benefits"">
        </va-link></h3>","Fix any of the following:
  Element does not have text that is visible to screen readers
  aria-label attribute does not exist or is empty
  aria-labelledby attribute does not exist, references elements that do not exist or references elements that are empty
  Element has no title attribute","minor","#-\32 ","https://dequeuniversity.com/rules/axe/4.11/empty-heading?application=playwright"
"None","Desktop","2026-01-15T14:21:57.022Z","Good to Fix","empty-heading","Ensure headings have discernible text","cat.name-role-value,best-practice","https://www.va.gov/pension/protected-pension-rates/past-rates-2019/","Past Rates: 2019 VA Protected Disability And Death Pension | Veterans Affairs","<h3 class=""va-nav-linkslist-title vads-u-font-size--h4"" id=""-3"">
            <va-link href=""/family-and-caregiver-benefits/survivor-compensation/survivors-pension"" text=""VA Survivors Pension"">
        </va-link></h3>","Fix any of the following:
  Element does not have text that is visible to screen readers
  aria-label attribute does not exist or is empty
  aria-labelledby attribute does not exist, references elements that do not exist or references elements that are empty
  Element has no title attribute","minor","#-\33 ","https://dequeuniversity.com/rules/axe/4.11/empty-heading?application=playwright"
"None","Desktop","2026-01-15T14:21:57.022Z","Good to Fix","empty-heading","Ensure headings have discernible text","cat.name-role-value,best-practice","https://www.va.gov/pension/protected-pension-rates/past-rates-2019/","Past Rates: 2019 VA Protected Disability And Death Pension | Veterans Affairs","<h3 class=""va-nav-linkslist-title vads-u-font-size--h4"" id=""-4"">
            <va-link href=""/pension/aid-attendance-housebound"" text=""Aid and Attendance benefits and Housebound allowance"">
        </va-link></h3>","Fix any of the following:
  Element does not have text that is visible to screen readers
  aria-label attribute does not exist or is empty
  aria-labelledby attribute does not exist, references elements that do not exist or references elements that are empty
  Element has no title attribute","minor","#-\34 ","https://dequeuniversity.com/rules/axe/4.11/empty-heading?application=playwright"
"None","Desktop","2026-01-15T14:21:57.022Z","Good to Fix","landmark-complementary-is-top-level","Ensure the complementary landmark or aside is at top level","cat.semantics,best-practice","https://www.va.gov/pension/protected-pension-rates/past-rates-2019/","Past Rates: 2019 VA Protected Disability And Death Pension | Veterans Affairs","<aside class=""va-nav-linkslist va-nav-linkslist--related"">","Fix any of the following:
  The null landmark is contained in another landmark.","moderate","aside","https://dequeuniversity.com/rules/axe/4.11/landmark-complementary-is-top-level?application=playwright"
"None","Desktop","2026-01-15T14:21:57.022Z","Good to Fix","landmark-unique","Ensure landmarks are unique","cat.semantics,best-practice","https://www.va.gov/pension/protected-pension-rates/past-rates-2019/","Past Rates: 2019 VA Protected Disability And Death Pension | Veterans Affairs","<nav data-template=""navigation/sidebar_nav"" aria-label=""Secondary"" id=""va-detailpage-sidebar"" data-drupal-sidebar=""true"" class=""va-drupal-sidebarnav usa-width-one-fourth va-sidebarnav"">","Fix any of the following:
  The landmark must have a unique aria-label, aria-labelledby, or title to make landmarks distinguishable","moderate","#va-detailpage-sidebar","https://dequeuniversity.com/rules/axe/4.11/landmark-unique?application=playwright"
"None","Desktop","2026-01-15T14:21:57.022Z","Good to Fix","heading-order","Ensure the order of headings is semantically correct","cat.semantics,best-practice","https://www.va.gov/houston-health-care/programs/cardiology/","Cardiology | VA Houston Health Care | Veterans Affairs","<h3 id=""services-offered"">Services offered</h3>","Fix any of the following:
  Heading order invalid","moderate","#services-offered","https://dequeuniversity.com/rules/axe/4.11/heading-order?application=playwright"
"None","Desktop","2026-01-15T14:21:57.022Z","Good to Fix","empty-heading","Ensure headings have discernible text","cat.name-role-value,best-practice","https://www.va.gov/walla-walla-health-care/health-services/returning-service-member-care/","Returning Service Member Care | VA Walla Walla Health Care | Veterans Affairs","<h3 class=""va-nav-linkslist-title vads-u-font-size--h4"" id="""">
            <va-link href=""/walla-walla-health-care/health-services/patient-advocates"" text=""Patient representatives"">
        </va-link></h3>","Fix any of the following:
  Element does not have text that is visible to screen readers
  aria-label attribute does not exist or is empty
  aria-labelledby attribute does not exist, references elements that do not exist or references elements that are empty
  Element has no title attribute","minor","li[data-entity-id=""51452""] > .va-nav-linkslist-title.vads-u-font-size--h4","https://dequeuniversity.com/rules/axe/4.11/empty-heading?application=playwright"
"None","Desktop","2026-01-15T14:21:57.022Z","Good to Fix","empty-heading","Ensure headings have discernible text","cat.name-role-value,best-practice","https://www.va.gov/walla-walla-health-care/health-services/returning-service-member-care/","Returning Service Member Care | VA Walla Walla Health Care | Veterans Affairs","<h3 class=""va-nav-linkslist-title vads-u-font-size--h4"" id=""-1"">
            <va-link href=""https://www.oefoif.va.gov/"" text=""VA Transition and Care Management Program"">
        </va-link></h3>","Fix any of the following:
  Element does not have text that is visible to screen readers
  aria-label attribute does not exist or is empty
  aria-labelledby attribute does not exist, references elements that do not exist or references elements that are empty
  Element has no title attribute","minor","#-\31 ","https://dequeuniversity.com/rules/axe/4.11/empty-heading?application=playwright"
"None","Desktop","2026-01-15T14:21:57.022Z","Good to Fix","empty-heading","Ensure headings have discernible text","cat.name-role-value,best-practice","https://www.va.gov/walla-walla-health-care/health-services/returning-service-member-care/","Returning Service Member Care | VA Walla Walla Health Care | Veterans Affairs","<h3 class=""va-nav-linkslist-title vads-u-font-size--h4"" id=""-2"">
            <va-link href=""https://www.va.gov/service-member-benefits/"" text=""VA benefits for active service members"">
        </va-link></h3>","Fix any of the following:
  Element does not have text that is visible to screen readers
  aria-label attribute does not exist or is empty
  aria-labelledby attribute does not exist, references elements that do not exist or references elements that are empty
  Element has no title attribute","minor","#-\32 ","https://dequeuniversity.com/rules/axe/4.11/empty-heading?application=playwright"
"None","Desktop","2026-01-15T14:21:57.022Z","Good to Fix","landmark-unique","Ensure landmarks are unique","cat.semantics,best-practice","https://www.va.gov/disability/after-you-file-claim/","The VA Claim Process After You File Your Claim | Veterans Affairs","<nav data-template=""navigation/sidebar_nav"" aria-label=""Secondary"" id=""va-detailpage-sidebar"" data-drupal-sidebar=""true"" class=""va-drupal-sidebarnav usa-width-one-fourth va-sidebarnav"">","Fix any of the following:
  The landmark must have a unique aria-label, aria-labelledby, or title to make landmarks distinguishable","moderate","#va-detailpage-sidebar","https://dequeuniversity.com/rules/axe/4.11/landmark-unique?application=playwright"
"None","Desktop","2026-01-15T14:21:57.022Z","Good to Fix","empty-heading","Ensure headings have discernible text","cat.name-role-value,best-practice","https://www.va.gov/loma-linda-health-care/health-services/suicide-prevention/","Suicide Prevention | VA Loma Linda Health Care | Veterans Affairs","<h3 class=""va-nav-linkslist-title vads-u-font-size--h4"" id="""">
            <va-link href=""/health-care/health-needs-conditions/mental-health/suicide-prevention"" text=""Veteran suicide prevention"">
        </va-link></h3>","Fix any of the following:
  Element does not have text that is visible to screen readers
  aria-label attribute does not exist or is empty
  aria-labelledby attribute does not exist, references elements that do not exist or references elements that are empty
  Element has no title attribute","minor","li[data-entity-id=""75202""] > .va-nav-linkslist-title.vads-u-font-size--h4","https://dequeuniversity.com/rules/axe/4.11/empty-heading?application=playwright"
"None","Desktop","2026-01-15T14:21:57.022Z","Good to Fix","empty-heading","Ensure headings have discernible text","cat.name-role-value,best-practice","https://www.va.gov/loma-linda-health-care/health-services/suicide-prevention/","Suicide Prevention | VA Loma Linda Health Care | Veterans Affairs","<h3 class=""va-nav-linkslist-title vads-u-font-size--h4"" id=""-1"">
            <va-link href=""/loma-linda-health-care/health-services/mental-health-care"" text=""Mental health services"">
        </va-link></h3>","Fix any of the following:
  Element does not have text that is visible to screen readers
  aria-label attribute does not exist or is empty
  aria-labelledby attribute does not exist, references elements that do not exist or references elements that are empty
  Element has no title attribute","minor","#-\31 ","https://dequeuniversity.com/rules/axe/4.11/empty-heading?application=playwright"
"None","Desktop","2026-01-15T14:21:57.022Z","Good to Fix","empty-heading","Ensure headings have discernible text","cat.name-role-value,best-practice","https://www.va.gov/loma-linda-health-care/health-services/suicide-prevention/","Suicide Prevention | VA Loma Linda Health Care | Veterans Affairs","<h3 class=""va-nav-linkslist-title vads-u-font-size--h4"" id=""-2"">
            <va-link href=""/health-care/health-needs-conditions/mental-health/depression"" text=""Depression treatment for Veterans"">
        </va-link></h3>","Fix any of the following:
  Element does not have text that is visible to screen readers
  aria-label attribute does not exist or is empty
  aria-labelledby attribute does not exist, references elements that do not exist or references elements that are empty
  Element has no title attribute","minor","#-\32 ","https://dequeuniversity.com/rules/axe/4.11/empty-heading?application=playwright"
"None","Desktop","2026-01-15T14:21:57.022Z","Good to Fix","empty-heading","Ensure headings have discernible text","cat.name-role-value,best-practice","https://www.va.gov/loma-linda-health-care/health-services/suicide-prevention/","Suicide Prevention | VA Loma Linda Health Care | Veterans Affairs","<h3 class=""va-nav-linkslist-title vads-u-font-size--h4"" id=""-3"">
            <va-link href=""/health-care/health-needs-conditions/mental-health/ptsd"" text=""PTSD treatment"">
        </va-link></h3>","Fix any of the following:
  Element does not have text that is visible to screen readers
  aria-label attribute does not exist or is empty
  aria-labelledby attribute does not exist, references elements that do not exist or references elements that are empty
  Element has no title attribute","minor","#-\33 ","https://dequeuniversity.com/rules/axe/4.11/empty-heading?application=playwright"
"None","Desktop","2026-01-15T14:21:57.022Z","Good to Fix","empty-heading","Ensure headings have discernible text","cat.name-role-value,best-practice","https://www.va.gov/loma-linda-health-care/health-services/suicide-prevention/","Suicide Prevention | VA Loma Linda Health Care | Veterans Affairs","<h3 class=""va-nav-linkslist-title vads-u-font-size--h4"" id=""-4"">
            <va-link href=""https://afsp.org/"" text=""The American Foundation for Suicide Prevention"">
        </va-link></h3>","Fix any of the following:
  Element does not have text that is visible to screen readers
  aria-label attribute does not exist or is empty
  aria-labelledby attribute does not exist, references elements that do not exist or references elements that are empty
  Element has no title attribute","minor","#-\34 ","https://dequeuniversity.com/rules/axe/4.11/empty-heading?application=playwright"
"None","Desktop","2026-01-15T14:21:57.022Z","Good to Fix","empty-heading","Ensure headings have discernible text","cat.name-role-value,best-practice","https://www.va.gov/eastern-colorado-health-care/about-us/history/","History | VA Eastern Colorado Health Care | Veterans Affairs","<h3 class=""va-nav-linkslist-title vads-u-font-size--h4"" id="""">
            <va-link href=""https://department.va.gov/history/history-overview/"" text=""VA History Summary"">
        </va-link></h3>","Fix any of the following:
  Element does not have text that is visible to screen readers
  aria-label attribute does not exist or is empty
  aria-labelledby attribute does not exist, references elements that do not exist or references elements that are empty
  Element has no title attribute","minor","li[data-entity-id=""174197""] > .va-nav-linkslist-title.vads-u-font-size--h4","https://dequeuniversity.com/rules/axe/4.11/empty-heading?application=playwright"
"None","Desktop","2026-01-15T14:21:57.022Z","Good to Fix","empty-heading","Ensure headings have discernible text","cat.name-role-value,best-practice","https://www.va.gov/eastern-colorado-health-care/about-us/history/","History | VA Eastern Colorado Health Care | Veterans Affairs","<h3 class=""va-nav-linkslist-title vads-u-font-size--h4"" id=""-2"">
            <va-link href=""https://department.va.gov/history/"" text=""VA History Office"">
        </va-link></h3>","Fix any of the following:
  Element does not have text that is visible to screen readers
  aria-label attribute does not exist or is empty
  aria-labelledby attribute does not exist, references elements that do not exist or references elements that are empty
  Element has no title attribute","minor","#-\32 ","https://dequeuniversity.com/rules/axe/4.11/empty-heading?application=playwright"
"None","Desktop","2026-01-15T14:21:57.022Z","Good to Fix","empty-heading","Ensure headings have discernible text","cat.name-role-value,best-practice","https://www.va.gov/kansas-city-health-care/billing-and-insurance/","Billing And Insurance | VA Kansas City Health Care | Veterans Affairs","<h3><va-link href=""/kansas-city-health-care/locations/kansas-city-va-medical-center"" text=""Kansas City VA Medical Center""></va-link></h3>","Fix any of the following:
  Element does not have text that is visible to screen readers
  aria-label attribute does not exist or is empty
  aria-labelledby attribute does not exist, references elements that do not exist or references elements that are empty
  Element has no title attribute","minor","article > h3","https://dequeuniversity.com/rules/axe/4.11/empty-heading?application=playwright"
"None","Desktop","2026-01-15T14:21:57.022Z","Good to Fix","empty-heading","Ensure headings have discernible text","cat.name-role-value,best-practice","https://www.va.gov/palo-alto-health-care/register-for-care/","Register For Care | VA Palo Alto Health Care | Veterans Affairs","<h3><va-link href=""/palo-alto-health-care/locations/capitola-va-clinic"" text=""Capitola VA Clinic""></va-link></h3>","Fix any of the following:
  Element does not have text that is visible to screen readers
  aria-label attribute does not exist or is empty
  aria-labelledby attribute does not exist, references elements that do not exist or references elements that are empty
  Element has no title attribute","minor","h3:nth-child(5)","https://dequeuniversity.com/rules/axe/4.11/empty-heading?application=playwright"
"None","Desktop","2026-01-15T14:21:57.022Z","Good to Fix","empty-heading","Ensure headings have discernible text","cat.name-role-value,best-practice","https://www.va.gov/palo-alto-health-care/register-for-care/","Register For Care | VA Palo Alto Health Care | Veterans Affairs","<h3><va-link href=""/palo-alto-health-care/locations/fremont-va-clinic"" text=""Fremont VA Clinic""></va-link></h3>","Fix any of the following:
  Element does not have text that is visible to screen readers
  aria-label attribute does not exist or is empty
  aria-labelledby attribute does not exist, references elements that do not exist or references elements that are empty
  Element has no title attribute","minor","h3:nth-child(8)","https://dequeuniversity.com/rules/axe/4.11/empty-heading?application=playwright"
"None","Desktop","2026-01-15T14:21:57.022Z","Good to Fix","empty-heading","Ensure headings have discernible text","cat.name-role-value,best-practice","https://www.va.gov/palo-alto-health-care/register-for-care/","Register For Care | VA Palo Alto Health Care | Veterans Affairs","<h3><va-link href=""/palo-alto-health-care/locations/major-general-william-h-gourley-va-dod-outpatient-clinic"" text=""Major General William H. Gourley VA-DoD Outpatient Clinic""></va-link></h3>","Fix any of the following:
  Element does not have text that is visible to screen readers
  aria-label attribute does not exist or is empty
  aria-labelledby attribute does not exist, references elements that do not exist or references elements that are empty
  Element has no title attribute","minor","h3:nth-child(11)","https://dequeuniversity.com/rules/axe/4.11/empty-heading?application=playwright"
"None","Desktop","2026-01-15T14:21:57.022Z","Good to Fix","empty-heading","Ensure headings have discernible text","cat.name-role-value,best-practice","https://www.va.gov/palo-alto-health-care/register-for-care/","Register For Care | VA Palo Alto Health Care | Veterans Affairs","<h3><va-link href=""/palo-alto-health-care/locations/palo-alto-va-medical-center"" text=""Palo Alto VA Medical Center""></va-link></h3>","Fix any of the following:
  Element does not have text that is visible to screen readers
  aria-label attribute does not exist or is empty
  aria-labelledby attribute does not exist, references elements that do not exist or references elements that are empty
  Element has no title attribute","minor","h3:nth-child(14)","https://dequeuniversity.com/rules/axe/4.11/empty-heading?application=playwright"
"None","Desktop","2026-01-15T14:21:57.022Z","Good to Fix","empty-heading","Ensure headings have discernible text","cat.name-role-value,best-practice","https://www.va.gov/palo-alto-health-care/register-for-care/","Register For Care | VA Palo Alto Health Care | Veterans Affairs","<h3><va-link href=""/palo-alto-health-care/locations/palo-alto-va-medical-center-livermore"" text=""Palo Alto VA Medical Center-Livermore""></va-link></h3>","Fix any of the following:
  Element does not have text that is visible to screen readers
  aria-label attribute does not exist or is empty
  aria-labelledby attribute does not exist, references elements that do not exist or references elements that are empty
  Element has no title attribute","minor","h3:nth-child(17)","https://dequeuniversity.com/rules/axe/4.11/empty-heading?application=playwright"
"None","Desktop","2026-01-15T14:21:57.022Z","Good to Fix","empty-heading","Ensure headings have discernible text","cat.name-role-value,best-practice","https://www.va.gov/palo-alto-health-care/register-for-care/","Register For Care | VA Palo Alto Health Care | Veterans Affairs","<h3><va-link href=""/palo-alto-health-care/locations/palo-alto-va-medical-center-menlo-park"" text=""Palo Alto VA Medical Center-Menlo Park""></va-link></h3>","Fix any of the following:
  Element does not have text that is visible to screen readers
  aria-label attribute does not exist or is empty
  aria-labelledby attribute does not exist, references elements that do not exist or references elements that are empty
  Element has no title attribute","minor","h3:nth-child(20)","https://dequeuniversity.com/rules/axe/4.11/empty-heading?application=playwright"
"None","Desktop","2026-01-15T14:21:57.022Z","Good to Fix","empty-heading","Ensure headings have discernible text","cat.name-role-value,best-practice","https://www.va.gov/palo-alto-health-care/register-for-care/","Register For Care | VA Palo Alto Health Care | Veterans Affairs","<h3><va-link href=""/palo-alto-health-care/locations/san-jose-va-clinic"" text=""San Jose VA Clinic""></va-link></h3>","Fix any of the following:
  Element does not have text that is visible to screen readers
  aria-label attribute does not exist or is empty
  aria-labelledby attribute does not exist, references elements that do not exist or references elements that are empty
  Element has no title attribute","minor","h3:nth-child(23)","https://dequeuniversity.com/rules/axe/4.11/empty-heading?application=playwright"
"None","Desktop","2026-01-15T14:21:57.022Z","Must Fix","aria-dialog-name","Ensure every ARIA dialog and alertdialog node has an accessible name","cat.aria,best-practice","https://www.va.gov/forms/10-1245c/","About VA Form 10-1245C | Veterans Affairs","<div aria-modal=""true"" role=""dialog"" aria-labelledby=""sidebar_header"">","Fix any of the following:
  aria-label attribute does not exist or is empty
  aria-labelledby attribute does not exist, references elements that do not exist or references elements that are empty
  Element has no title attribute","serious","div[aria-modal=""true""]","https://dequeuniversity.com/rules/axe/4.11/aria-dialog-name?application=playwright"
"None","Desktop","2026-01-15T14:21:57.022Z","Good to Fix","empty-heading","Ensure headings have discernible text","cat.name-role-value,best-practice","https://www.va.gov/lovell-federal-health-care-va/programs-va/ptsd-care/","PTSD Care | Lovell Federal Health Care - VA | Veterans Affairs","<h3 class=""va-nav-linkslist-title vads-u-font-size--h4"" id="""">
            <va-link href=""https://www.ptsd.va.gov/"" text=""PTSD: National center for PTSD"">
        </va-link></h3>","Fix any of the following:
  Element does not have text that is visible to screen readers
  aria-label attribute does not exist or is empty
  aria-labelledby attribute does not exist, references elements that do not exist or references elements that are empty
  Element has no title attribute","minor",".va-nav-linkslist-title","https://dequeuniversity.com/rules/axe/4.11/empty-heading?application=playwright"
"None","Desktop","2026-01-15T14:21:57.022Z","Good to Fix","empty-heading","Ensure headings have discernible text","cat.name-role-value,best-practice","https://www.va.gov/chicago-health-care/programs/my-healthevet/","My HealtheVet | VA Chicago Health Care | Veterans Affairs","<h3 class=""va-nav-linkslist-title vads-u-font-size--h4"" id="""">
            <va-link href=""https://www.youtube.com/watch?si=jP-5RJUz_eb9o-pO&amp;v=uqZ-nrLMouo&amp;feature=youtu.be"" text=""Preparing for VA sign-in changes"">
        </va-link></h3>","Fix any of the following:
  Element does not have text that is visible to screen readers
  aria-label attribute does not exist or is empty
  aria-labelledby attribute does not exist, references elements that do not exist or references elements that are empty
  Element has no title attribute","minor","li[data-entity-id=""173337""] > .va-nav-linkslist-title.vads-u-font-size--h4","https://dequeuniversity.com/rules/axe/4.11/empty-heading?application=playwright"
"None","Desktop","2026-01-15T14:21:57.022Z","Good to Fix","empty-heading","Ensure headings have discernible text","cat.name-role-value,best-practice","https://www.va.gov/chicago-health-care/programs/my-healthevet/","My HealtheVet | VA Chicago Health Care | Veterans Affairs","<h3 class=""va-nav-linkslist-title vads-u-font-size--h4"" id=""-1"">
            <va-link href=""https://www.youtube.com/watch?si=5KLouieHc9UB2891&amp;v=H1OgTB4ruDk&amp;feature=youtu.be"" text=""Choosing your new sign-in account"">
        </va-link></h3>","Fix any of the following:
  Element does not have text that is visible to screen readers
  aria-label attribute does not exist or is empty
  aria-labelledby attribute does not exist, references elements that do not exist or references elements that are empty
  Element has no title attribute","minor","#-\31 ","https://dequeuniversity.com/rules/axe/4.11/empty-heading?application=playwright"
"None","Desktop","2026-01-15T14:21:57.022Z","Good to Fix","empty-heading","Ensure headings have discernible text","cat.name-role-value,best-practice","https://www.va.gov/chicago-health-care/programs/my-healthevet/","My HealtheVet | VA Chicago Health Care | Veterans Affairs","<h3 class=""va-nav-linkslist-title vads-u-font-size--h4"" id=""-2"">
            <va-link href=""https://www.youtube.com/watch?si=1oXLS2aYzIifgrsv&amp;v=nPlMgGeTGmE&amp;feature=youtu.be"" text=""Creating your Login.gov account"">
        </va-link></h3>","Fix any of the following:
  Element does not have text that is visible to screen readers
  aria-label attribute does not exist or is empty
  aria-labelledby attribute does not exist, references elements that do not exist or references elements that are empty
  Element has no title attribute","minor","#-\32 ","https://dequeuniversity.com/rules/axe/4.11/empty-heading?application=playwright"
"None","Desktop","2026-01-15T14:21:57.022Z","Good to Fix","empty-heading","Ensure headings have discernible text","cat.name-role-value,best-practice","https://www.va.gov/chicago-health-care/programs/my-healthevet/","My HealtheVet | VA Chicago Health Care | Veterans Affairs","<h3 class=""va-nav-linkslist-title vads-u-font-size--h4"" id=""-3"">
            <va-link href=""https://www.youtube.com/watch?si=Galrtc-T8EhoVG9v&amp;v=omf5-MLajyg&amp;feature=youtu.be"" text=""Verifying your identity for your Login.gov account"">
        </va-link></h3>","Fix any of the following:
  Element does not have text that is visible to screen readers
  aria-label attribute does not exist or is empty
  aria-labelledby attribute does not exist, references elements that do not exist or references elements that are empty
  Element has no title attribute","minor","#-\33 ","https://dequeuniversity.com/rules/axe/4.11/empty-heading?application=playwright"
"None","Desktop","2026-01-15T14:21:57.022Z","Good to Fix","empty-heading","Ensure headings have discernible text","cat.name-role-value,best-practice","https://www.va.gov/chicago-health-care/programs/my-healthevet/","My HealtheVet | VA Chicago Health Care | Veterans Affairs","<h3 class=""va-nav-linkslist-title vads-u-font-size--h4"" id=""-4"">
            <va-link href=""https://www.youtube.com/watch?si=BCDkw2wKa2MBMuvD&amp;v=Yp1mnAVpaaY&amp;feature=youtu.be"" text=""Creating your ID.me account"">
        </va-link></h3>","Fix any of the following:
  Element does not have text that is visible to screen readers
  aria-label attribute does not exist or is empty
  aria-labelledby attribute does not exist, references elements that do not exist or references elements that are empty
  Element has no title attribute","minor","#-\34 ","https://dequeuniversity.com/rules/axe/4.11/empty-heading?application=playwright"
"None","Desktop","2026-01-15T14:21:57.022Z","Good to Fix","empty-heading","Ensure headings have discernible text","cat.name-role-value,best-practice","https://www.va.gov/chicago-health-care/programs/my-healthevet/","My HealtheVet | VA Chicago Health Care | Veterans Affairs","<h3 class=""va-nav-linkslist-title vads-u-font-size--h4"" id=""-5"">
            <va-link href=""https://www.youtube.com/watch?si=vB5CR9TQUFhpkr6F&amp;v=1XdVcNCNxJg&amp;feature=youtu.be"" text=""Verifying your identity for your ID.me account"">
        </va-link></h3>","Fix any of the following:
  Element does not have text that is visible to screen readers
  aria-label attribute does not exist or is empty
  aria-labelledby attribute does not exist, references elements that do not exist or references elements that are empty
  Element has no title attribute","minor","#-\35 ","https://dequeuniversity.com/rules/axe/4.11/empty-heading?application=playwright"
"None","Desktop","2026-01-15T14:21:57.022Z","Good to Fix","heading-order","Ensure the order of headings is semantically correct","cat.semantics,best-practice","https://www.va.gov/chicago-health-care/programs/my-healthevet/","My HealtheVet | VA Chicago Health Care | Veterans Affairs","<h6><br>After March 4, 2025 Veterans will not be able to sign into My HealtheVet with a user ID and password, they will need to use a Login.gov or ID.me. &nbsp;</h6>","Fix any of the following:
  Heading order invalid","moderate","h6","https://dequeuniversity.com/rules/axe/4.11/heading-order?application=playwright"
"None","Desktop","2026-01-15T14:21:57.022Z","Must Fix","aria-dialog-name","Ensure every ARIA dialog and alertdialog node has an accessible name","cat.aria,best-practice","https://www.va.gov/forms/22-10201/","About VA Form 22-10201 | Veterans Affairs","<div aria-modal=""true"" role=""dialog"" aria-labelledby=""sidebar_header"">","Fix any of the following:
  aria-label attribute does not exist or is empty
  aria-labelledby attribute does not exist, references elements that do not exist or references elements that are empty
  Element has no title attribute","serious","div[aria-modal=""true""]","https://dequeuniversity.com/rules/axe/4.11/aria-dialog-name?application=playwright"
"None","Desktop","2026-01-15T14:21:57.022Z","Good to Fix","empty-heading","Ensure headings have discernible text","cat.name-role-value,best-practice","https://www.va.gov/sioux-falls-health-care/pharmacy/","Pharmacy | VA Sioux Falls Health Care | Veterans Affairs","<h3 class=""va-nav-linkslist-title vads-u-font-size--h4"" id="""">
            <va-link href=""https://www.va.gov/change-address/"" text=""Change your address on file with VA"">
        </va-link></h3>","Fix any of the following:
  Element does not have text that is visible to screen readers
  aria-label attribute does not exist or is empty
  aria-labelledby attribute does not exist, references elements that do not exist or references elements that are empty
  Element has no title attribute","minor",".va-nav-linkslist-title","https://dequeuniversity.com/rules/axe/4.11/empty-heading?application=playwright"
"None","Desktop","2026-01-15T14:21:57.022Z","Good to Fix","empty-heading","Ensure headings have discernible text","cat.name-role-value,best-practice","https://www.va.gov/palo-alto-health-care/stories/page-4/","Stories | VA Palo Alto Health Care | Veterans Affairs","<h2 class=""vads-u-margin-top--0 vads-u-font-size--md tablet:vads-u-font-size--lg tablet:vads-u-margin-bottom--0p5"">","Fix any of the following:
  Element does not have text that is visible to screen readers
  aria-label attribute does not exist or is empty
  aria-labelledby attribute does not exist, references elements that do not exist or references elements that are empty
  Element has no title attribute","minor","li:nth-child(1) > .vads-u-padding-x--0.vads-u-margin-bottom--3.tablet\:vads-u-margin-bottom--4 > .vads-grid-row > .tablet\:vads-grid-col-8.tablet\:vads-u-padding-right--3 > h2","https://dequeuniversity.com/rules/axe/4.11/empty-heading?application=playwright"
"None","Desktop","2026-01-15T14:21:57.022Z","Good to Fix","empty-heading","Ensure headings have discernible text","cat.name-role-value,best-practice","https://www.va.gov/palo-alto-health-care/stories/page-4/","Stories | VA Palo Alto Health Care | Veterans Affairs","<h2 class=""vads-u-margin-top--0 vads-u-font-size--md tablet:vads-u-font-size--lg tablet:vads-u-margin-bottom--0p5""><va-link href=""/palo-alto-health-care/stories/covid-19-variants-importance-of-second-dose"" text=""COVID-19 variants &amp; importance of second dose""></va-link></h2>","Fix any of the following:
  Element does not have text that is visible to screen readers
  aria-label attribute does not exist or is empty
  aria-labelledby attribute does not exist, references elements that do not exist or references elements that are empty
  Element has no title attribute","minor","li:nth-child(2) > .vads-u-padding-x--0.vads-u-margin-bottom--3.tablet\:vads-u-margin-bottom--4 > .vads-grid-row > .tablet\:vads-grid-col-8.tablet\:vads-u-padding-right--3 > h2","https://dequeuniversity.com/rules/axe/4.11/empty-heading?application=playwright"
"None","Desktop","2026-01-15T14:21:57.022Z","Good to Fix","empty-heading","Ensure headings have discernible text","cat.name-role-value,best-practice","https://www.va.gov/palo-alto-health-care/stories/page-4/","Stories | VA Palo Alto Health Care | Veterans Affairs","<h2 class=""vads-u-margin-top--0 vads-u-font-size--md tablet:vads-u-font-size--lg tablet:vads-u-margin-bottom--0p5""><va-link href=""/palo-alto-health-care/stories/scouts-pilot-streamlines-care-for-older-veterans"" text=""SCOUTS pilot streamlines care for older Veterans""></va-link></h2>","Fix any of the following:
  Element does not have text that is visible to screen readers
  aria-label attribute does not exist or is empty
  aria-labelledby attribute does not exist, references elements that do not exist or references elements that are empty
  Element has no title attribute","minor","li:nth-child(3) > .vads-u-padding-x--0.vads-u-margin-bottom--3.tablet\:vads-u-margin-bottom--4 > .vads-grid-row > .tablet\:vads-grid-col-8.tablet\:vads-u-padding-right--3 > h2","https://dequeuniversity.com/rules/axe/4.11/empty-heading?application=playwright"
"None","Desktop","2026-01-15T14:21:57.022Z","Good to Fix","empty-heading","Ensure headings have discernible text","cat.name-role-value,best-practice","https://www.va.gov/palo-alto-health-care/stories/page-4/","Stories | VA Palo Alto Health Care | Veterans Affairs","<h2 class=""vads-u-margin-top--0 vads-u-font-size--md tablet:vads-u-font-size--lg tablet:vads-u-margin-bottom--0p5"">","Fix any of the following:
  Element does not have text that is visible to screen readers
  aria-label attribute does not exist or is empty
  aria-labelledby attribute does not exist, references elements that do not exist or references elements that are empty
  Element has no title attribute","minor","li:nth-child(4) > .vads-u-padding-x--0.vads-u-margin-bottom--3.tablet\:vads-u-margin-bottom--4 > .vads-grid-row > .tablet\:vads-grid-col-8.tablet\:vads-u-padding-right--3 > h2","https://dequeuniversity.com/rules/axe/4.11/empty-heading?application=playwright"
"None","Desktop","2026-01-15T14:21:57.022Z","Good to Fix","empty-heading","Ensure headings have discernible text","cat.name-role-value,best-practice","https://www.va.gov/palo-alto-health-care/stories/page-4/","Stories | VA Palo Alto Health Care | Veterans Affairs","<h2 class=""vads-u-margin-top--0 vads-u-font-size--md tablet:vads-u-font-size--lg tablet:vads-u-margin-bottom--0p5""><va-link href=""/palo-alto-health-care/stories/veteran-volunteers-ask-questions"" text=""Veteran volunteers! Ask questions!""></va-link></h2>","Fix any of the following:
  Element does not have text that is visible to screen readers
  aria-label attribute does not exist or is empty
  aria-labelledby attribute does not exist, references elements that do not exist or references elements that are empty
  Element has no title attribute","minor","li:nth-child(5) > .vads-u-padding-x--0.vads-u-margin-bottom--3.tablet\:vads-u-margin-bottom--4 > .vads-grid-row > .tablet\:vads-grid-col-8.tablet\:vads-u-padding-right--3 > h2","https://dequeuniversity.com/rules/axe/4.11/empty-heading?application=playwright"
"None","Desktop","2026-01-15T14:21:57.022Z","Good to Fix","empty-heading","Ensure headings have discernible text","cat.name-role-value,best-practice","https://www.va.gov/palo-alto-health-care/stories/page-4/","Stories | VA Palo Alto Health Care | Veterans Affairs","<h2 class=""vads-u-margin-top--0 vads-u-font-size--md tablet:vads-u-font-size--lg tablet:vads-u-margin-bottom--0p5""><va-link href=""/palo-alto-health-care/stories/its-all-about-the-plate"" text=""It's all about the plate""></va-link></h2>","Fix any of the following:
  Element does not have text that is visible to screen readers
  aria-label attribute does not exist or is empty
  aria-labelledby attribute does not exist, references elements that do not exist or references elements that are empty
  Element has no title attribute","minor","li:nth-child(6) > .vads-u-padding-x--0.vads-u-margin-bottom--3.tablet\:vads-u-margin-bottom--4 > .vads-grid-row > .tablet\:vads-grid-col-8.tablet\:vads-u-padding-right--3 > h2","https://dequeuniversity.com/rules/axe/4.11/empty-heading?application=playwright"
"None","Desktop","2026-01-15T14:21:57.022Z","Good to Fix","empty-heading","Ensure headings have discernible text","cat.name-role-value,best-practice","https://www.va.gov/palo-alto-health-care/stories/page-4/","Stories | VA Palo Alto Health Care | Veterans Affairs","<h2 class=""vads-u-margin-top--0 vads-u-font-size--md tablet:vads-u-font-size--lg tablet:vads-u-margin-bottom--0p5""><va-link href=""/palo-alto-health-care/stories/blind-center-helps-wwii-veteran-despite-pandemic"" text=""Blind Center helps WWII Veteran despite pandemic""></va-link></h2>","Fix any of the following:
  Element does not have text that is visible to screen readers
  aria-label attribute does not exist or is empty
  aria-labelledby attribute does not exist, references elements that do not exist or references elements that are empty
  Element has no title attribute","minor","li:nth-child(7) > .vads-u-padding-x--0.vads-u-margin-bottom--3.tablet\:vads-u-margin-bottom--4 > .vads-grid-row > .tablet\:vads-grid-col-8.tablet\:vads-u-padding-right--3 > h2","https://dequeuniversity.com/rules/axe/4.11/empty-heading?application=playwright"
"None","Desktop","2026-01-15T14:21:57.022Z","Good to Fix","empty-heading","Ensure headings have discernible text","cat.name-role-value,best-practice","https://www.va.gov/palo-alto-health-care/stories/page-4/","Stories | VA Palo Alto Health Care | Veterans Affairs","<h2 class=""vads-u-margin-top--0 vads-u-font-size--md tablet:vads-u-font-size--lg tablet:vads-u-margin-bottom--0p5""><va-link href=""/palo-alto-health-care/stories/palo-alto-health-care-placeholder-story"" text=""May is Better Hearing &amp; Speech Month""></va-link></h2>","Fix any of the following:
  Element does not have text that is visible to screen readers
  aria-label attribute does not exist or is empty
  aria-labelledby attribute does not exist, references elements that do not exist or references elements that are empty
  Element has no title attribute","minor","li:nth-child(8) > .vads-u-padding-x--0.vads-u-margin-bottom--3.tablet\:vads-u-margin-bottom--4 > .vads-grid-row > .tablet\:vads-grid-col-8.tablet\:vads-u-padding-right--3 > h2","https://dequeuniversity.com/rules/axe/4.11/empty-heading?application=playwright"
"None","Desktop","2026-01-15T14:21:57.022Z","Good to Fix","heading-order","Ensure the order of headings is semantically correct","cat.semantics,best-practice","https://www.va.gov/maryland-health-care/programs/baltimore-va-medical-center-additional-information/floor-plans/","Floor Plans | VA Maryland Health Care | Veterans Affairs","<h3 id=""floor-plans-print-version"">Floor Plans Print Version</h3>","Fix any of the following:
  Heading order invalid","moderate","#floor-plans-print-version","https://dequeuniversity.com/rules/axe/4.11/heading-order?application=playwright"
"None","Desktop","2026-01-15T14:21:57.022Z","Good to Fix","empty-heading","Ensure headings have discernible text","cat.name-role-value,best-practice","https://www.va.gov/portland-health-care/programs/whole-health/mindfulness-institute-meet-the-team/","Mindfulness Institute - Meet The Team | VA Portland Health Care | Veterans Affairs","<h3 class=""va-nav-linkslist-title vads-u-font-size--h4"" id="""">
            <va-link href=""/portland-health-care/programs/whole-health/mindfulness-institute"" text=""VA Portland Mindfulness Institute"">
        </va-link></h3>","Fix any of the following:
  Element does not have text that is visible to screen readers
  aria-label attribute does not exist or is empty
  aria-labelledby attribute does not exist, references elements that do not exist or references elements that are empty
  Element has no title attribute","minor","li[data-entity-id=""102199""] > .va-nav-linkslist-title.vads-u-font-size--h4","https://dequeuniversity.com/rules/axe/4.11/empty-heading?application=playwright"
"None","Desktop","2026-01-15T14:21:57.022Z","Good to Fix","empty-heading","Ensure headings have discernible text","cat.name-role-value,best-practice","https://www.va.gov/portland-health-care/programs/whole-health/mindfulness-institute-meet-the-team/","Mindfulness Institute - Meet The Team | VA Portland Health Care | Veterans Affairs","<h3 class=""va-nav-linkslist-title vads-u-font-size--h4"" id=""-1"">
            <va-link href=""/portland-health-care/programs/whole-health/mindfulness-institute-veteran-programs"" text=""Veteran Programs"">
        </va-link></h3>","Fix any of the following:
  Element does not have text that is visible to screen readers
  aria-label attribute does not exist or is empty
  aria-labelledby attribute does not exist, references elements that do not exist or references elements that are empty
  Element has no title attribute","minor","#-\31 ","https://dequeuniversity.com/rules/axe/4.11/empty-heading?application=playwright"
"None","Desktop","2026-01-15T14:21:57.022Z","Good to Fix","empty-heading","Ensure headings have discernible text","cat.name-role-value,best-practice","https://www.va.gov/portland-health-care/programs/whole-health/mindfulness-institute-meet-the-team/","Mindfulness Institute - Meet The Team | VA Portland Health Care | Veterans Affairs","<h3 class=""va-nav-linkslist-title vads-u-font-size--h4"" id=""-2"">
            <va-link href=""/portland-health-care/programs/whole-health/mindfulness-institute-resources"" text=""Resources"">
        </va-link></h3>","Fix any of the following:
  Element does not have text that is visible to screen readers
  aria-label attribute does not exist or is empty
  aria-labelledby attribute does not exist, references elements that do not exist or references elements that are empty
  Element has no title attribute","minor","#-\32 ","https://dequeuniversity.com/rules/axe/4.11/empty-heading?application=playwright"
"None","Desktop","2026-01-15T14:21:57.022Z","Good to Fix","heading-order","Ensure the order of headings is semantically correct","cat.semantics,best-practice","https://www.va.gov/portland-health-care/programs/whole-health/mindfulness-institute-meet-the-team/","Mindfulness Institute - Meet The Team | VA Portland Health Care | Veterans Affairs","<h3 id=""meet-the-team""><strong>Meet the Team</strong></h3>","Fix any of the following:
  Heading order invalid","moderate","#meet-the-team","https://dequeuniversity.com/rules/axe/4.11/heading-order?application=playwright"
